ID,Default Unit of Measure
TREAD RUBBER PRECURED BLACK PEARL 160 RTS 99,Roll
TREAD RUBBER PRECURED BLACK PEARL 250 RTS 134,Roll
TREAD RUBBER PRECURED PLATINUM 126 MG 150,Roll
TREAD RUBBER PRECURED PLATINUM 140 MSRS 87,Roll
TREAD RUBBER PRECURED PLATINUM 145 DR 87,Roll
TREAD RUBBER PRECURED PLATINUM 145 DR 93,Roll
TREAD RUBBER PRECURED PLATINUM 148 TRS 96,Roll
TREAD RUBBER PRECURED PLATINUM 150 AJAX 87,Roll
TREAD RUBBER PRECURED PLATINUM 150 AJAX 96,Roll
TREAD RUBBER PRECURED PLATINUM 150 SL 94,Roll
TREAD RUBBER PRECURED PLATINUM 150 VK 96,Roll
TREAD RUBBER PRECURED PLATINUM 155 MSR 87,Roll
TREAD RUBBER PRECURED PLATINUM 155 SG,Roll
TREAD RUBBER PRECURED PLATINUM 156 AJAX 99,Roll
TREAD RUBBER PRECURED PLATINUM 160 AJAX 87,Roll
TREAD RUBBER PRECURED PLATINUM 160 AJAX 99,Roll
TREAD RUBBER PRECURED PLATINUM 160 SL 99,Roll
TREAD RUBBER PRECURED PLATINUM 160 VK 99,Roll
TREAD RUBBER PRECURED PLATINUM 168 AJAX 105,Roll
TREAD RUBBER PRECURED PLATINUM 168 JT 105,Roll
TREAD RUBBER PRECURED PLATINUM 168 VK 105,Roll
TREAD RUBBER PRECURED PLATINUM 170 SG 87,Roll
TREAD RUBBER PRECURED PLATINUM 170 SR 105,Roll
TREAD RUBBER PRECURED PLATINUM 172 SR 105 LW,Roll
TREAD RUBBER PRECURED PLATINUM 172 SR 120 LW,Roll
TREAD RUBBER PRECURED PLATINUM 173 JKB 88,Roll
TREAD RUBBER PRECURED PLATINUM 173 MSR 87,Roll
TREAD RUBBER PRECURED PLATINUM 174 MLG 105,Roll
TREAD RUBBER PRECURED PLATINUM 174 MLG 105 LW,Roll
TREAD RUBBER PRECURED PLATINUM 174 SR 105,Roll
TREAD RUBBER PRECURED PLATINUM 175 RTS 105,Roll
TREAD RUBBER PRECURED PLATINUM 175 RTS 120,Roll
TREAD RUBBER PRECURED PLATINUM 178 VK 120,Roll
TREAD RUBBER PRECURED PLATINUM 184 MSR 93,Roll
TREAD RUBBER PRECURED PLATINUM 187 RTS 120,Roll
TREAD RUBBER PRECURED PLATINUM 187 SL 110,Roll
TREAD RUBBER PRECURED PLATINUM 195 MSRS,Roll
TREAD RUBBER PRECURED PLATINUM 197 VK 129,Roll
TREAD RUBBER PRECURED PLATINUM 200 MXM 126,Roll
TREAD RUBBER PRECURED PLATINUM 205 PM (LW ) 130,Roll
TREAD RUBBER PRECURED PLATINUM 205 PM 130,Roll
TREAD RUBBER PRECURED PLATINUM 205 SL 129,Roll
TREAD RUBBER PRECURED PLATINUM 205 SR 130,Roll
TREAD RUBBER PRECURED PLATINUM 205 TR 103,Roll
TREAD RUBBER PRECURED PLATINUM 205 TR 129,Roll
TREAD RUBBER PRECURED PLATINUM 210 LM 130,Roll
TREAD RUBBER PRECURED PLATINUM 210 PM 130,Roll
TREAD RUBBER PRECURED PLATINUM 210 R 2 130,Roll
TREAD RUBBER PRECURED PLATINUM 215 PM 132,Roll
TREAD RUBBER PRECURED PLATINUM 215 R 2 130,Roll
TREAD RUBBER PRECURED PLATINUM 220 LD 130,Roll
TREAD RUBBER PRECURED PLATINUM 220 PM 130,Roll
TREAD RUBBER PRECURED PLATINUM 220 PM 132,Roll
TREAD RUBBER PRECURED PLATINUM 220 R 2 130,Roll
TREAD RUBBER PRECURED PLATINUM 220 RTS 132,Roll
TREAD RUBBER PRECURED PLATINUM 225 PM 132,Roll
TREAD RUBBER PRECURED PLATINUM 235 PM 134,Roll
TREAD RUBBER PRECURED PLATINUM 235 PM 134 LW,Roll
TREAD RUBBER PRECURED PLATINUM 235 R 2 134,Roll
TREAD RUBBER PRECURED PLATINUM 240 RTS 134,Roll
TREAD RUBBER PRECURED PLATINUM 245 RTS 134,Roll
TREAD RUBBER PRECURED PLATINUM 250 PM 134,Roll
TREAD RUBBER PRECURED PLATINUM 250 RTS 134,Roll
TREAD RUBBER PRECURED PLATINUM 260 RTS 134,Roll
TREAD RUBBER PRECURED PLATINUM 265 TVS 134,Roll
TREAD RUBBER PRECURED PLATINUM 280 TVS 134,Roll
TREAD RUBBER PRECURED PLATINUM 84 AM 50,Roll
TREAD RUBBER PRECURED PLATINUM 84 AM 60,Roll
TREAD RUBBER PRECURED PLATINUM 95 EA 60,Roll
TREAD RUBBER PRECURED POLYCOLD 120 MG 134,Roll
TREAD RUBBER PRECURED POLYCOLD 126 MG 150,Roll
TREAD RUBBER PRECURED POLYCOLD 150 AJAX 96,Roll
TREAD RUBBER PRECURED POLYCOLD 173 MSR 87,Roll
TREAD RUBBER PRECURED POLYCOLD 187 AJAX 126,Roll
TREAD RUBBER PRECURED POLYCOLD 205 PM 130(LW),Roll
TREAD RUBBER PRECURED POLYCOLD 205 SR 130,Roll
TREAD RUBBER PRECURED POLYCOLD 220 LD 130,Roll
TREAD RUBBER PRECURED POLYCOLD 220 RTS 130,Roll
TREAD RUBBER PRECURED POLYCOLD 240 RTS 134,Roll
TREAD RUBBER PRECURED SILVER 187 SL 110,Roll
TREAD RUBBER PRECURED SILVER 205 TR 103,Roll
TREAD RUBBER PRECURED SILVER 250 TVS 99,Roll
TREADRUBBER PRECURED PRECURED PLATINUM 102 RK 120,Roll
TREAD RUBBER HOT BIKE SF 26*6,Roll
TREAD RUBBER HOT BIKE SF 28*8,Roll
TREAD RUBBER HOT BIKE SF 30*8,Roll
TREAD RUBBER HOT BIKE SF 31*8,Roll
TREAD RUBBER HOT BIKE SF 32*8,Roll
TREAD RUBBER HOT BIKE SF 34*12,Roll
TREAD RUBBER HOT BIKE SF 35*8,Roll
TREAD RUBBER HOT BIKE SF 36*8,Roll
TREAD RUBBER HOT BIKE SF 40*14,Roll
TREAD RUBBER HOT BIKE SF 40*8,Roll
TREAD RUBBER HOT BIKE SF 42*9,Roll
TREAD RUBBER HOT BIKE SF 50*12,Roll
TREAD RUBBER HOT BIKE SF 50*60*8,Roll
TREAD RUBBER HOT BLACK PEARL 32*14,Roll
TREAD RUBBER HOT BLACK PEARL 34*14,Roll
TREAD RUBBER HOT BLACK PEARL 40*15,Roll
TREAD RUBBER HOT BLACK PEARL 40*16,Roll
TREAD RUBBER HOT BLACK PEARL 40*17,Roll
TREAD RUBBER HOT BLACK PEARL 40*17 PLUS,Roll
TREAD RUBBER HOT BLACK PEARL 41*15,Roll
TREAD RUBBER HOT BLACK PEARL 42*17,Roll
TREAD RUBBER HOT BLACK PEARL 44*64*16,Roll
TREAD RUBBER HOT BLACK PEARL 48*15,Roll
TREAD RUBBER HOT BLACK PEARL 50*9,Roll
TREAD RUBBER HOT BLACK PEARL 56*18,Roll
TREAD RUBBER HOT BLACK PEARL 60*18,Roll
TREAD RUBBER HOT BLACK PEARL 60*20,Roll
TREAD RUBBER HOT BLACK PEARL 62*20,Roll
TREAD RUBBER HOT BLACK PEARL 64*18,Roll
TREAD RUBBER HOT BLACK PEARL 64*20,Roll
TREAD RUBBER HOT BLACK PEARL 74*24,Roll
TREAD RUBBER HOT BLACK PEARL 76*24,Roll
TREAD RUBBER HOT BLACK PEARL 80*24,Roll
TREAD RUBBER HOT PLATINUM 32*12,Roll
TREAD RUBBER HOT PLATINUM 32*14,Roll
TREAD RUBBER HOT PLATINUM 34*12,Roll
TREAD RUBBER HOT PLATINUM 34*14,Roll
TREAD RUBBER HOT PLATINUM 38*15,Roll
TREAD RUBBER HOT PLATINUM 40*14,Roll
TREAD RUBBER HOT PLATINUM 40*15,Roll
TREAD RUBBER HOT PLATINUM 40*16,Roll
TREAD RUBBER HOT PLATINUM 40*17 PLUS,Roll
TREAD RUBBER HOT PLATINUM 41*14,Roll
TREAD RUBBER HOT PLATINUM 44*15,Roll
TREAD RUBBER HOT PLATINUM 44*70*16,Roll
TREAD RUBBER HOT PLATINUM 45*16,Roll
TREAD RUBBER HOT PLATINUM 50*16,Roll
TREAD RUBBER HOT PLATINUM 50*8,Roll
TREAD RUBBER HOT PLATINUM 50*9,Roll
TREAD RUBBER HOT PLATINUM 52*18,Roll
TREAD RUBBER HOT PLATINUM 54*16,Roll
TREAD RUBBER HOT PLATINUM 56*18,Roll
TREAD RUBBER HOT PLATINUM 60*18,Roll
TREAD RUBBER HOT PLATINUM 60*20,Roll
TREAD RUBBER HOT PLATINUM 62*18,Roll
TREAD RUBBER HOT PLATINUM 62*20,Roll
TREAD RUBBER HOT PLATINUM 64*20,Roll
TREAD RUBBER HOT PLATINUM 66*18,Roll
TREAD RUBBER HOT PLATINUM 66*20,Roll
TREAD RUBBER HOT PLATINUM 74*22,Roll
TREAD RUBBER HOT PLATINUM 74*24,Roll
TREAD RUBBER HOT PLATINUM 76*24,Roll
TREAD RUBBER HOT PLATINUM 78*24,Roll
TREAD RUBBER HOT PLATINUM 80*22,Roll
TREAD RUBBER HOT PLATINUM 80*24,Roll
TREAD RUBBER HOT POLYCOLD 34*12,Roll
TREAD RUBBER HOT POLYCOLD 35*50*14,Roll
TREAD RUBBER HOT POLYCOLD 40*14,Roll
TREAD RUBBER HOT POLYCOLD 40*15,Roll
TREAD RUBBER HOT POLYCOLD 41*14,Roll
TREAD RUBBER HOT POLYCOLD 48*15,Roll
TREAD RUBBER HOT POLYCOLD 50*16,Roll
TREAD RUBBER HOT POLYCOLD 56*18,Roll
TREAD RUBBER HOT POLYCOLD 60*18,Roll
TREAD RUBBER HOT POLYCOLD 62*18,Roll
TREAD RUBBER HOT POLYCOLD 64*20,Roll
TREAD RUBBER HOT POLYCOLD 66*20,Roll
TREAD RUBBER HOT POLYCOLD 72*22,Roll
TREAD RUBBER HOT POLYCOLD 74*22,Roll
TREAD RUBBER HOT POLYCOLD 76*22,Roll
TREAD RUBBER HOT POLYCOLD 80*22,Roll
TREAD RUBBER HOT POLYCOLD 80*24,Roll
TREAD RUBBER HOT POLYMER 34*12,Roll
TREAD RUBBER HOT POLYMER 40*14,Roll
TREAD RUBBER HOT POLYMER 50*16,Roll
